Date,Timestamp,Event,Filename,Status,Details
2025-06-28,11:43:31,File_Upload,notes.txt,Completed,File Upload operation completed
2025-06-22,03:29:35,File_Upload,manual.pdf,Completed,File Upload operation completed
2025-06-27,02:08:10,Hash_Verification,config.json,Completed,Hash Verification operation completed
2025-06-25,10:38:54,File_Upload,manual.pdf,Completed,File Upload operation completed
2025-06-22,02:45:09,Hash_Verification,config.json,Completed,Hash Verification operation completed
2025-06-29,22:56:45,File_Download,code.js,Completed,File Download operation completed
2025-06-27,15:35:39,BERT_Operation,analysis.csv,Successful,BERT recovery completed successfully - 96% similarity
2025-06-26,01:48:43,Hash_Verification,presentation.pptx,Completed,Hash Verification operation completed
2025-06-22,10:21:34,File_Upload,code.js,Completed,File Upload operation completed
2025-06-29,17:15:59,BERT_Operation,config.json,Successful,BERT recovery completed successfully - 92% similarity
2025-06-23,16:09:49,File_Upload,presentation.pptx,Completed,File Upload operation completed
2025-06-22,23:45:47,File_Download,document.txt,Completed,File Download operation completed
2025-06-27,22:50:12,Hash_Verification,style.css,Completed,Hash Verification operation completed
2025-06-24,18:55:51,Hash_Verification,config.json,Completed,Hash Verification operation completed
2025-06-27,22:40:01,Hash_Verification,analysis.csv,Completed,Hash Verification operation completed
2025-06-29,07:12:34,File_Upload,script.py,Completed,File Upload operation completed
2025-06-29,13:35:36,File_Download,script.py,Completed,File Download operation completed
2025-06-25,21:26:41,Hash_Verification,config.json,Completed,Hash Verification operation completed
2025-06-24,20:32:14,File_Download,data.docx,Completed,File Download operation completed
2025-06-25,00:23:15,Hash_Verification,config.json,Completed,Hash Verification operation completed
2025-06-28,18:45:12,File_Download,readme.md,Completed,File Download operation completed
2025-06-23,23:03:15,BERT_Operation,readme.md,Successful,BERT recovery completed successfully - 86% similarity
2025-06-29,16:13:48,File_Upload,notes.txt,Completed,File Upload operation completed
2025-06-27,12:46:31,Hash_Verification,data.docx,Completed,Hash Verification operation completed
2025-06-27,04:25:05,File_Upload,analysis.csv,Completed,File Upload operation completed
2025-06-23,01:44:34,Hash_Verification,data.docx,Completed,Hash Verification operation completed
2025-06-27,15:53:23,File_Upload,style.css,Completed,File Upload operation completed
2025-06-23,09:11:49,File_Download,presentation.pptx,Completed,File Download operation completed
2025-06-27,00:15:53,BERT_Operation,config.json,Failed,BERT recovery failed - 98% similarity
2025-06-26,16:07:18,File_Download,manual.pdf,Completed,File Download operation completed
2025-06-28,12:11:18,File_Download,analysis.csv,Completed,File Download operation completed
2025-06-27,19:46:09,File_Download,script.py,Completed,File Download operation completed
2025-06-26,04:11:05,File_Upload,style.css,Completed,File Upload operation completed
2025-06-28,18:51:59,BERT_Operation,document.txt,Successful,BERT recovery completed successfully - 90% similarity
2025-06-27,02:36:08,File_Download,notes.txt,Completed,File Download operation completed
2025-06-29,21:01:25,File_Upload,document.txt,Completed,File Upload operation completed
2025-06-26,16:37:24,BERT_Operation,config.json,Failed,BERT recovery failed - 86% similarity
2025-06-29,03:53:26,File_Upload,readme.md,Completed,File Upload operation completed
2025-06-29,13:43:21,Hash_Verification,config.json,Completed,Hash Verification operation completed
2025-06-26,20:05:41,File_Upload,style.css,Completed,File Upload operation completed
2025-06-24,13:36:47,File_Upload,script.py,Completed,File Upload operation completed
2025-06-28,03:02:37,BERT_Operation,data.docx,Successful,BERT recovery completed successfully - 94% similarity
2025-06-27,12:30:13,File_Upload,manual.pdf,Completed,File Upload operation completed
2025-06-24,20:02:54,BERT_Operation,manual.pdf,Successful,BERT recovery completed successfully - 92% similarity
2025-06-25,13:53:33,File_Upload,document.txt,Completed,File Upload operation completed
2025-06-22,19:00:07,Hash_Verification,notes.txt,Completed,Hash Verification operation completed
2025-06-23,04:48:55,File_Download,script.py,Completed,File Download operation completed
2025-06-26,01:28:04,File_Upload,document.txt,Completed,File Upload operation completed
2025-06-25,08:59:09,File_Upload,data.docx,Completed,File Upload operation completed
2025-06-22,09:23:01,File_Upload,readme.md,Completed,File Upload operation completed
2025-06-29,17:49:19.996862,"('172.17.0.65', 64613)",New connection
2025-06-29,17:49:19.999877,"('172.17.0.65', 64613)",Get File Names
2025-06-29,18:03:19.588314,"('172.17.0.65', 49778)",New connection
2025-06-29,18:03:19.590659,"('172.17.0.65', 49778)",Get File Names
